{
    "AUMC": [
        232,
        165.71428571428564
    ],
    "OLVG Amsterdam (15)": [
        47,
        33.571428571428584
    ],
    "Amphia Ziekenhuis (18)": [
        42,
        30.00000000000001
    ],
    "Jeroen Bosch Ziekenhuis (27)": [
        37,
        26.428571428571434
    ],
    "Catharina Ziekenhuis (24)": [
        81,
        57.857142857142904
    ],
    "Medisch Spectrum Twente (22)": [
        108,
        77.14285714285708
    ],
    "UMCG (20)": [
        77,
        55.00000000000004
    ],
    "Tjongerschans Heerenveen (19)": [
        53,
        37.857142857142875
    ],
    "LUMC (28)": [
        97,
        69.28571428571429
    ],
    "MUMC+ (26)": [
        72,
        51.428571428571466
    ],
    "St. Antonius (13)": [
        179,
        127.85714285714236
    ],
    "Radboud UMC (23)": [
        16,
        11.428571428571425
    ],
    "Erasmus MC (17)": [
        134,
        95.7142857142855
    ],
    "UMC Utrecht (14)": [
        38,
        27.14285714285715
    ],
    "Isala Ziekenhuis (21)": [
        86,
        61.42857142857148
    ]
}